[
  {
    "value": "Diseño",
    "synonyms": [
      "Diseño",
      "Diseño de producto",
      "Diseño gráfico",
      "UI",
      "UX"
    ]
  },
  {
    "value": "Marketing",
    "synonyms": [
      "Marketing",
      "Marketing basado en datos",
      "Marketing 🚀",
      "🚀"
    ]
  },
  {
    "value": "Negocios",
    "synonyms": [
      "Emprendimiento",
      "Mercadeo",
      "Negocios",
      "Startups",
      "Transformación digital",
      "Ventas",
      "Ventas y mercadeo"
    ]
  },
  {
    "value": "Programación",
    "synonyms": [
      "Aplicaciones",
      "Apps",
      "Assistant",
      "Big Data",
      "Data Science",
      "GCP",
      "Google Cloud Platform",
      "IA",
      "NLP",
      "Programación",
      "React",
      "desarrollo",
      "progra",
      "programacion"
    ]
  }
]