[
  {
    "value": "Angular",
    "synonyms": [
      "Angular",
      "angular 2",
      "angularjs"
    ]
  },
  {
    "value": "Java",
    "synonyms": [
      "Java"
    ]
  },
  {
    "value": "NET",
    "synonyms": [
      ".Net",
      ".net framework"
    ]
  },
  {
    "value": "NET Core",
    "synonyms": [
      ".Net core"
    ]
  },
  {
    "value": "Python",
    "synonyms": [
      "Python",
      "flask"
    ]
  },
  {
    "value": "Scala",
    "synonyms": [
      "Scala"
    ]
  }
]