[
  {
    "id": "d6668732-800e-4813-9bb3-71001a836825",
    "data": [
      {
        "text": "que onda",
        "alias": "saludo",
        "meta": "@saludo",
        "userDefined": false
      }
    ],
    "isTemplate": false,
    "count": 0
  },
  {
    "id": "28d9d3b5-b745-467b-9f70-ff72d5c765ba",
    "data": [
      {
        "text": "Hola ",
        "userDefined": false
      },
      {
        "text": "Ted",
        "meta": "@sys.ignore",
        "userDefined": false
      }
    ],
    "isTemplate": false,
    "count": 0
  },
  {
    "id": "eb9a58b3-fa75-4f41-bd0b-ae3b74fc2a77",
    "data": [
      {
        "text": "parce",
        "alias": "saludo",
        "meta": "@saludo",
        "userDefined": false
      }
    ],
    "isTemplate": false,
    "count": 0
  },
  {
    "id": "6fa56bbb-4168-4c17-a191-8d8ed011427b",
    "data": [
      {
        "text": "wey",
        "alias": "saludo",
        "meta": "@saludo",
        "userDefined": false
      }
    ],
    "isTemplate": false,
    "count": 0
  },
  {
    "id": "ce3f10e8-f980-4851-952f-5e8bec844734",
    "data": [
      {
        "text": "hi",
        "userDefined": false
      }
    ],
    "isTemplate": false,
    "count": 0
  },
  {
    "id": "151e59c4-709a-4489-b6e2-afda441cf43a",
    "data": [
      {
        "text": "hola",
        "userDefined": false
      }
    ],
    "isTemplate": false,
    "count": 0
  },
  {
    "id": "0ec64179-4fc0-430e-88b4-e519f8df2cd2",
    "data": [
      {
        "text": "hola bot",
        "userDefined": false
      }
    ],
    "isTemplate": false,
    "count": 0
  }
]