[
  {
    "id": "8953d081-d10b-441c-b929-a408589b13c0",
    "data": [
      {
        "text": "se nos acabo el tiempo",
        "userDefined": false
      }
    ],
    "isTemplate": false,
    "count": 0
  },
  {
    "id": "81e95ca5-17b0-4b94-baa7-990f04dd8b98",
    "data": [
      {
        "text": "Ava",
        "alias": "geo-city",
        "meta": "@sys.geo-city",
        "userDefined": false
      },
      {
        "text": " ya nos vamos",
        "userDefined": false
      }
    ],
    "isTemplate": false,
    "count": 0
  },
  {
    "id": "28aa005c-99a8-4b68-91b8-2003e2950fb1",
    "data": [
      {
        "text": "ya nos vamos",
        "userDefined": false
      }
    ],
    "isTemplate": false,
    "count": 0
  },
  {
    "id": "07e7c418-e7d5-43c0-bae5-3bd649b8f2db",
    "data": [
      {
        "text": "despidase",
        "userDefined": false
      }
    ],
    "isTemplate": false,
    "count": 0
  }
]