[
  {
    "id": "2c648b6f-9425-4d7a-86bc-f5562dda3c53",
    "data": [
      {
        "text": "despedidas",
        "userDefined": false
      }
    ],
    "isTemplate": false,
    "count": 0
  },
  {
    "id": "e1321cd3-6e99-46a9-963c-056b9cb4ffc8",
    "data": [
      {
        "text": "ya nos vamos",
        "userDefined": false
      }
    ],
    "isTemplate": false,
    "count": 0
  },
  {
    "id": "38378df6-a391-43ec-845e-1174c3a2f7fc",
    "data": [
      {
        "text": "despídase",
        "userDefined": false
      }
    ],
    "isTemplate": false,
    "count": 0
  },
  {
    "id": "fb174a3e-11a9-4819-9246-4a0d94698017",
    "data": [
      {
        "text": "despidase",
        "userDefined": false
      }
    ],
    "isTemplate": false,
    "count": 0
  },
  {
    "id": "73dd6b8c-960f-4fa2-8f7d-f78b9ff72ded",
    "data": [
      {
        "text": "bueno ",
        "userDefined": false
      },
      {
        "text": "ava",
        "alias": "given-name",
        "meta": "@sys.given-name",
        "userDefined": false
      },
      {
        "text": " ya nos vamos despidase",
        "userDefined": false
      }
    ],
    "isTemplate": false,
    "count": 0
  }
]