[
  {
    "id": "d9639230-1452-4427-97e9-6b80081b10dd",
    "data": [
      {
        "text": "🚀",
        "alias": "cursosplatzi",
        "meta": "@cursosplatzi",
        "userDefined": false
      }
    ],
    "isTemplate": false,
    "count": 0
  },
  {
    "id": "4c77a262-efa7-4629-816c-2538d0d93db2",
    "data": [
      {
        "text": "Marketing",
        "alias": "cursosplatzi",
        "meta": "@cursosplatzi",
        "userDefined": false
      },
      {
        "text": " 🚀",
        "userDefined": false
      }
    ],
    "isTemplate": false,
    "count": 1
  }
]