[
  {
    "id": "87452e7b-f96f-446f-aea4-d52d1756d052",
    "data": [
      {
        "text": "ver cursos ",
        "userDefined": false
      },
      {
        "text": "de",
        "meta": "@sys.ignore",
        "userDefined": false
      },
      {
        "text": " ",
        "userDefined": false
      },
      {
        "text": "progra",
        "alias": "cursosplatzi",
        "meta": "@cursosplatzi",
        "userDefined": false
      }
    ],
    "isTemplate": false,
    "count": 0
  },
  {
    "id": "cec816be-0ee3-4efe-959a-6994df1f2627",
    "data": [
      {
        "text": "ver cursos",
        "userDefined": false
      }
    ],
    "isTemplate": false,
    "count": 0
  }
]