[
  {
    "id": "7de8048d-d820-479d-8681-67ca78c23579",
    "data": [
      {
        "text": "Inscribirme en curso ",
        "userDefined": false
      },
      {
        "text": "de",
        "meta": "@sys.ignore",
        "userDefined": false
      },
      {
        "text": " ",
        "userDefined": false
      },
      {
        "text": "progra",
        "alias": "cursosplatzi",
        "meta": "@cursosplatzi",
        "userDefined": false
      }
    ],
    "isTemplate": false,
    "count": 0
  },
  {
    "id": "a2045080-c930-45b3-b98f-36ca4491ebd1",
    "data": [
      {
        "text": "Quiero matricular curso de ",
        "userDefined": false
      },
      {
        "text": "marketing",
        "alias": "cursosplatzi",
        "meta": "@cursosplatzi",
        "userDefined": false
      }
    ],
    "isTemplate": false,
    "count": 0
  },
  {
    "id": "c377a733-36a6-4103-92d0-33b3649859f2",
    "data": [
      {
        "text": "Matricular curso 💻",
        "userDefined": false
      }
    ],
    "isTemplate": false,
    "count": 0
  },
  {
    "id": "bc1e233d-b95a-4391-bb46-6a761c68a679",
    "data": [
      {
        "text": "Matricular curso a nombre de ",
        "userDefined": false
      },
      {
        "text": "leo camacho",
        "alias": "name",
        "meta": "@sys.any",
        "userDefined": true
      }
    ],
    "isTemplate": false,
    "count": 0
  },
  {
    "id": "2427c024-92fa-4cb2-be59-9b90b9cace9f",
    "data": [
      {
        "text": "Interesado en llevar cursos enviar info a ",
        "userDefined": false
      },
      {
        "text": "leo@gdg.com",
        "alias": "email",
        "meta": "@sys.email",
        "userDefined": true
      }
    ],
    "isTemplate": false,
    "count": 0
  },
  {
    "id": "1ed90fc9-e099-4b74-bb68-aaf0fc33f362",
    "data": [
      {
        "text": "Matricular curso con mi correo es ",
        "userDefined": false
      },
      {
        "text": "test@test.com",
        "alias": "email",
        "meta": "@sys.email",
        "userDefined": true
      }
    ],
    "isTemplate": false,
    "count": 0,
    "updated": 1549226042
  },
  {
    "id": "b43e32d5-8d9d-49e7-bc5e-22c01e02e366",
    "data": [
      {
        "text": "Suscribirme a curso con mi correo  ",
        "userDefined": false
      },
      {
        "text": "test@test.com",
        "alias": "email",
        "meta": "@sys.email",
        "userDefined": true
      },
      {
        "text": " y el número celular ",
        "userDefined": false
      },
      {
        "text": "9876123456",
        "alias": "phoneNumber",
        "meta": "@sys.phone-number",
        "userDefined": true
      }
    ],
    "isTemplate": false,
    "count": 0,
    "updated": 1549266370
  }
]