[
  {
    "id": "6f31721e-96ce-4d1a-9bb3-85421e13cac7",
    "data": [
      {
        "text": "que onda",
        "alias": "saludo",
        "meta": "@saludo",
        "userDefined": false
      }
    ],
    "isTemplate": false,
    "count": 0,
    "updated": 0
  },
  {
    "id": "0f31dd32-ac5c-4d72-a7f7-fe8edaf0a7cc",
    "data": [
      {
        "text": "Hola ",
        "userDefined": false
      },
      {
        "text": "Ted",
        "meta": "@sys.ignore",
        "userDefined": false
      }
    ],
    "isTemplate": false,
    "count": 0,
    "updated": 0
  },
  {
    "id": "4024a9bf-89ab-4aca-9008-2c279a2a7276",
    "data": [
      {
        "text": "parce",
        "alias": "saludo",
        "meta": "@saludo",
        "userDefined": false
      }
    ],
    "isTemplate": false,
    "count": 0,
    "updated": 0
  },
  {
    "id": "0332f270-4f30-4d30-b8e3-faad71b077d1",
    "data": [
      {
        "text": "wey",
        "alias": "saludo",
        "meta": "@saludo",
        "userDefined": false
      }
    ],
    "isTemplate": false,
    "count": 0,
    "updated": 0
  },
  {
    "id": "1dcdc3c5-1caf-4719-a6dd-6336dfd11f72",
    "data": [
      {
        "text": "hi",
        "userDefined": false
      }
    ],
    "isTemplate": false,
    "count": 0,
    "updated": 0
  },
  {
    "id": "47cbcc02-15ec-4e37-a5e2-a6ca00cb5831",
    "data": [
      {
        "text": "hola",
        "userDefined": false
      }
    ],
    "isTemplate": false,
    "count": 0,
    "updated": 0
  },
  {
    "id": "d79456ed-e2c6-4488-b3c8-3cfb02e77f18",
    "data": [
      {
        "text": "hola bot",
        "userDefined": false
      }
    ],
    "isTemplate": false,
    "count": 0,
    "updated": 0
  }
]