[
  {
    "id": "3d1b0f79-6472-4321-beff-db1cf0bebbc6",
    "data": [
      {
        "text": "ver cursos ",
        "userDefined": false
      },
      {
        "text": "de",
        "meta": "@sys.ignore",
        "userDefined": false
      },
      {
        "text": " ",
        "userDefined": false
      },
      {
        "text": "progra",
        "meta": "@sys.ignore",
        "userDefined": false
      }
    ],
    "isTemplate": false,
    "count": 0,
    "updated": 0
  },
  {
    "id": "fcc84048-76f3-4978-83f7-dd1e3a7dca34",
    "data": [
      {
        "text": "ver cursos",
        "userDefined": false
      }
    ],
    "isTemplate": false,
    "count": 0,
    "updated": 0
  }
]