[
  {
    "id": "7b14fb17-2cee-4a2f-b342-a6ed636c1960",
    "data": [
      {
        "text": "make a reservation of a flight for ",
        "userDefined": false
      },
      {
        "text": "tomorrow",
        "alias": "fecha1",
        "meta": "@sys.date",
        "userDefined": false
      }
    ],
    "isTemplate": false,
    "count": 0,
    "updated": 0
  },
  {
    "id": "d9d8d09c-c470-4b8a-b50b-001cf7fefa56",
    "data": [
      {
        "text": "get a ticket to MEX with passport number ",
        "userDefined": false
      },
      {
        "text": "304980731",
        "alias": "idpassport",
        "meta": "@sys.number",
        "userDefined": true
      }
    ],
    "isTemplate": false,
    "count": 0,
    "updated": 0
  },
  {
    "id": "aa2423df-5b7c-490b-8d43-4f48700d4558",
    "data": [
      {
        "text": "I\u0027m looking for a ",
        "userDefined": false
      },
      {
        "text": "roundtrip",
        "alias": "tipovuelo",
        "meta": "@tipovuelo",
        "userDefined": true
      },
      {
        "text": " from ",
        "userDefined": false
      },
      {
        "text": "SJC",
        "alias": "origin",
        "meta": "@sys.any",
        "userDefined": true
      },
      {
        "text": " to ",
        "userDefined": false
      },
      {
        "text": "CUN",
        "alias": "destination",
        "meta": "@sys.any",
        "userDefined": true
      }
    ],
    "isTemplate": false,
    "count": 0,
    "updated": 0
  },
  {
    "id": "488c403f-7e37-4866-80a5-17d36b4fa6a7",
    "data": [
      {
        "text": "book a flight to Bogotá for ",
        "userDefined": false
      },
      {
        "text": "23/07/2019",
        "alias": "fecha2",
        "meta": "@sys.date",
        "userDefined": true
      }
    ],
    "isTemplate": false,
    "count": 0,
    "updated": 0
  },
  {
    "id": "0cb94c7f-22ba-41d5-9af7-5cd89156f152",
    "data": [
      {
        "text": "book",
        "userDefined": false
      }
    ],
    "isTemplate": false,
    "count": 0,
    "updated": 0
  },
  {
    "id": "c6e613d8-ced7-4c12-a51f-5f9627ec6b4e",
    "data": [
      {
        "text": "Get tickets in my name ",
        "userDefined": false
      },
      {
        "text": "leo camacho",
        "alias": "name",
        "meta": "@sys.any",
        "userDefined": true
      }
    ],
    "isTemplate": false,
    "count": 0,
    "updated": 0
  },
  {
    "id": "4773193e-502a-4900-99e4-c8415df67d9c",
    "data": [
      {
        "text": "send details of my flight to ",
        "userDefined": false
      },
      {
        "text": "leo@gdg.com",
        "alias": "email",
        "meta": "@sys.email",
        "userDefined": true
      }
    ],
    "isTemplate": false,
    "count": 0,
    "updated": 0
  },
  {
    "id": "0e1bebf8-f63e-432c-be2a-b58132a0f711",
    "data": [
      {
        "text": "book flight ",
        "userDefined": false
      },
      {
        "text": "test@test.com",
        "alias": "email",
        "meta": "@sys.email",
        "userDefined": true
      }
    ],
    "isTemplate": false,
    "count": 0,
    "updated": 0
  },
  {
    "id": "f6f12d19-340b-41b6-b554-190dc7acd00b",
    "data": [
      {
        "text": "  ",
        "userDefined": false
      },
      {
        "text": "test@test.com",
        "alias": "email",
        "meta": "@sys.email",
        "userDefined": true
      },
      {
        "text": " y el número celular ",
        "userDefined": false
      },
      {
        "text": "9876123456",
        "meta": "@sys.ignore",
        "userDefined": true
      }
    ],
    "isTemplate": false,
    "count": 0,
    "updated": 0
  }
]