[
  {
    "id": "90923804-0640-4d05-b290-fb752a4a30a6",
    "data": [
      {
        "text": "enviar mi vuelo al correo ",
        "userDefined": false
      },
      {
        "text": "leo@gmail.com",
        "alias": "email",
        "meta": "@sys.email",
        "userDefined": true
      }
    ],
    "isTemplate": false,
    "count": 0,
    "updated": 0
  },
  {
    "id": "3653a9f3-86bd-4bad-830d-e017d162d9d7",
    "data": [
      {
        "text": "agregar ",
        "userDefined": false
      },
      {
        "text": "un",
        "meta": "@sys.ignore",
        "userDefined": false
      },
      {
        "text": " vuelo a mi pasaporte ",
        "userDefined": false
      },
      {
        "text": "costarricense",
        "alias": "paispassport",
        "meta": "@sys.geo-country",
        "userDefined": true
      },
      {
        "text": " ",
        "userDefined": false
      },
      {
        "text": "309760218",
        "alias": "idpassport",
        "meta": "@sys.number",
        "userDefined": false
      }
    ],
    "isTemplate": false,
    "count": 0,
    "updated": 0
  },
  {
    "id": "a3b1938e-e367-44dd-b9e5-bedef99653b5",
    "data": [
      {
        "text": "adquirir vuelo a SFO a nombre de ",
        "userDefined": false
      },
      {
        "text": "Leandro Camacho",
        "alias": "name",
        "meta": "@sys.any",
        "userDefined": true
      }
    ],
    "isTemplate": false,
    "count": 0,
    "updated": 0
  },
  {
    "id": "bce0d032-7c7a-43c3-b80b-4be31d55d03b",
    "data": [
      {
        "text": "reservar vuelo de ",
        "userDefined": false
      },
      {
        "text": "cdmx",
        "alias": "origin",
        "meta": "@sys.any",
        "userDefined": true
      },
      {
        "text": " a ",
        "userDefined": false
      },
      {
        "text": "bogotá",
        "alias": "destination",
        "meta": "@sys.any",
        "userDefined": true
      },
      {
        "text": " para ",
        "userDefined": false
      },
      {
        "text": "mañana",
        "alias": "fecha1",
        "meta": "@sys.date",
        "userDefined": true
      },
      {
        "text": " y regresar el ",
        "userDefined": false
      },
      {
        "text": "30/07/2019",
        "alias": "fecha2",
        "meta": "@sys.date",
        "userDefined": true
      }
    ],
    "isTemplate": false,
    "count": 0,
    "updated": 0
  },
  {
    "id": "948038fb-f4fb-4198-b3a3-527772d8faf5",
    "data": [
      {
        "text": "roundtrip",
        "alias": "tipovuelo",
        "meta": "@tipovuelo",
        "userDefined": false
      }
    ],
    "isTemplate": false,
    "count": 1,
    "updated": 0
  },
  {
    "id": "d84d4174-5b28-46de-aeb7-215dc1b37249",
    "data": [
      {
        "text": "ida y vuelta",
        "alias": "tipovuelo",
        "meta": "@tipovuelo",
        "userDefined": false
      }
    ],
    "isTemplate": false,
    "count": 0,
    "updated": 0
  }
]