[
  {
    "id": "f79a20a3-0cbc-46fe-bd2a-eaadde1e961c",
    "data": [
      {
        "text": "reservar vuelo",
        "userDefined": false
      }
    ],
    "isTemplate": false,
    "count": 0,
    "updated": 0
  },
  {
    "id": "bc493c5f-e7b3-44b1-b0f1-91bd38d720fc",
    "data": [
      {
        "text": "quiero reservar ",
        "userDefined": false
      },
      {
        "text": "un",
        "alias": "time",
        "meta": "@sys.time",
        "userDefined": false
      },
      {
        "text": " vuelo",
        "userDefined": false
      }
    ],
    "isTemplate": false,
    "count": 0,
    "updated": 0
  }
]