[
  {
    "id": "0286c3f4-aebc-412a-81f5-ef397fbb7854",
    "data": [
      {
        "text": "agregar un vuelo a mi pasaporte ",
        "userDefined": false
      },
      {
        "text": "309760218",
        "alias": "idpassport",
        "meta": "@sys.number",
        "userDefined": true
      }
    ],
    "isTemplate": false,
    "count": 0,
    "updated": 0
  },
  {
    "id": "ee6c538b-6215-4b28-8b5f-087e637587f5",
    "data": [
      {
        "text": "quiero que me reserve un vuelo y los envíe al correo ",
        "userDefined": false
      },
      {
        "text": "leandro@gmail.com",
        "alias": "email",
        "meta": "@sys.email",
        "userDefined": true
      }
    ],
    "isTemplate": false,
    "count": 0,
    "updated": 0
  },
  {
    "id": "19df62e8-96c2-4852-83d3-1adf336c2a46",
    "data": [
      {
        "text": "adquirir vuelo a ",
        "userDefined": false
      },
      {
        "text": "SFO",
        "alias": "origin",
        "meta": "@sys.any",
        "userDefined": true
      },
      {
        "text": " a nombre de ",
        "userDefined": false
      },
      {
        "text": "Leandro Camacho",
        "alias": "name",
        "meta": "@sys.any",
        "userDefined": true
      }
    ],
    "isTemplate": false,
    "count": 0,
    "updated": 0
  },
  {
    "id": "385eaf15-c872-464b-bfe9-f1e708a17de7",
    "data": [
      {
        "text": "reservar vuelo de ",
        "userDefined": false
      },
      {
        "text": "cdmx",
        "alias": "name",
        "meta": "@sys.any",
        "userDefined": true
      },
      {
        "text": " a ",
        "userDefined": false
      },
      {
        "text": "bogotá",
        "alias": "destination",
        "meta": "@sys.any",
        "userDefined": true
      },
      {
        "text": " para ",
        "userDefined": false
      },
      {
        "text": "mañana",
        "alias": "fecha1",
        "meta": "@sys.date",
        "userDefined": true
      },
      {
        "text": " y regresar el ",
        "userDefined": false
      },
      {
        "text": "30/07/2019",
        "alias": "fecha2",
        "meta": "@sys.date",
        "userDefined": true
      }
    ],
    "isTemplate": false,
    "count": 0,
    "updated": 0
  },
  {
    "id": "34d32a4b-53de-46c9-bdf3-717ac75439b6",
    "data": [
      {
        "text": "one way",
        "alias": "tipovuelo",
        "meta": "@tipovuelo",
        "userDefined": false
      }
    ],
    "isTemplate": false,
    "count": 0,
    "updated": 0
  },
  {
    "id": "9be8f1b8-4b6a-432b-9e26-1280f3857e6f",
    "data": [
      {
        "text": "ida",
        "alias": "tipovuelo",
        "meta": "@tipovuelo",
        "userDefined": false
      }
    ],
    "isTemplate": false,
    "count": 0,
    "updated": 0
  },
  {
    "id": "e82f184b-5e92-45a7-9901-06c843a272a8",
    "data": [
      {
        "text": "solo ida",
        "alias": "tipovuelo",
        "meta": "@tipovuelo",
        "userDefined": false
      }
    ],
    "isTemplate": false,
    "count": 0,
    "updated": 0
  }
]