[
  {
    "id": "8932db53-ab7b-4a27-90e3-c36476fd0df4",
    "data": [
      {
        "text": "multidestination",
        "userDefined": false
      }
    ],
    "isTemplate": false,
    "count": 0,
    "updated": 0
  },
  {
    "id": "473f3f73-6ae6-4d5d-b1e2-2879efeaf1d5",
    "data": [
      {
        "text": "multi-destination",
        "userDefined": false
      }
    ],
    "isTemplate": false,
    "count": 0,
    "updated": 0
  },
  {
    "id": "cfc4a382-44de-4565-b459-9ec10e906b8b",
    "data": [
      {
        "text": "multidestino",
        "alias": "tipovuelo",
        "meta": "@tipovuelo",
        "userDefined": false
      }
    ],
    "isTemplate": false,
    "count": 0,
    "updated": 0
  }
]