[
  {
    "id": "1bf6a248-fcf1-4004-806e-398358cc9d92",
    "data": [
      {
        "text": "one way ",
        "userDefined": false
      },
      {
        "text": "leo",
        "alias": "any",
        "meta": "@sys.any",
        "userDefined": true
      },
      {
        "text": " ",
        "userDefined": false
      },
      {
        "text": "leo@gmail.com",
        "alias": "email",
        "meta": "@sys.email",
        "userDefined": true
      },
      {
        "text": " from ",
        "userDefined": false
      },
      {
        "text": "MEX",
        "alias": "iata",
        "meta": "@iata",
        "userDefined": true
      },
      {
        "text": " to ",
        "userDefined": false
      },
      {
        "text": "BOG",
        "alias": "iata1",
        "meta": "@iata",
        "userDefined": true
      },
      {
        "text": " ",
        "userDefined": false
      },
      {
        "text": "23/09/2019",
        "alias": "date",
        "meta": "@sys.date",
        "userDefined": true
      }
    ],
    "isTemplate": false,
    "count": 0,
    "updated": 0
  },
  {
    "id": "2fb62eef-4d4e-4ddf-9c75-4ba92e0d7b3d",
    "data": [
      {
        "text": "one way",
        "userDefined": false
      }
    ],
    "isTemplate": false,
    "count": 1,
    "updated": 0
  },
  {
    "id": "b75c8b75-44b0-42e7-a3be-f7b4fa62eb18",
    "data": [
      {
        "text": "one-way",
        "userDefined": false
      }
    ],
    "isTemplate": false,
    "count": 1,
    "updated": 0
  }
]