[
  {
    "id": "dd5b0411-b5f2-497d-8446-8e090cd1cf79",
    "data": [
      {
        "text": "wey",
        "userDefined": false
      }
    ],
    "isTemplate": false,
    "count": 0,
    "updated": 0
  },
  {
    "id": "8e4f69e0-8e32-44e9-a924-c23e37d010bb",
    "data": [
      {
        "text": "parce",
        "userDefined": false
      }
    ],
    "isTemplate": false,
    "count": 0,
    "updated": 0
  },
  {
    "id": "36664c10-beaf-4c7d-9415-248e1824f90b",
    "data": [
      {
        "text": "que hago",
        "userDefined": false
      }
    ],
    "isTemplate": false,
    "count": 0,
    "updated": 0
  },
  {
    "id": "87c069ec-4f65-426c-bb15-017bca1539cd",
    "data": [
      {
        "text": "que onda",
        "userDefined": false
      }
    ],
    "isTemplate": false,
    "count": 0,
    "updated": 0
  },
  {
    "id": "8931b280-f224-4a21-ad4a-6e0d40220d23",
    "data": [
      {
        "text": "hola",
        "userDefined": false
      }
    ],
    "isTemplate": false,
    "count": 0,
    "updated": 0
  },
  {
    "id": "a38102c3-1ca5-4c70-beee-b8b0e8fb785b",
    "data": [
      {
        "text": "hey",
        "userDefined": false
      }
    ],
    "isTemplate": false,
    "count": 0,
    "updated": 0
  },
  {
    "id": "efe6a6cb-b026-4120-9b13-9f6693266b47",
    "data": [
      {
        "text": "saludos",
        "userDefined": false
      }
    ],
    "isTemplate": false,
    "count": 0,
    "updated": 0
  }
]