[
  {
    "id": "f26c5413-ec86-4859-9434-9ae4b88a6510",
    "data": [
      {
        "text": "whats up",
        "userDefined": false
      }
    ],
    "isTemplate": false,
    "count": 0,
    "updated": 0
  },
  {
    "id": "35390393-d318-41de-a604-95971c14f6af",
    "data": [
      {
        "text": "hello",
        "userDefined": false
      }
    ],
    "isTemplate": false,
    "count": 0,
    "updated": 0
  },
  {
    "id": "07fabeba-a6d4-4c32-9183-74a96251f5c2",
    "data": [
      {
        "text": "hi",
        "userDefined": false
      }
    ],
    "isTemplate": false,
    "count": 0,
    "updated": 0
  }
]